tabela;qtd_campos;descricao_tabela;interna_ou_negocio
MTTBACS;18;;
MTTBAGX;14;;
MTTBAS1;6;;
MTTBAS2;9;;
MTTBASM;4;;
MTTBCASS;7;;
MTTBCCBR;7;;
MTTBCCSO;2;;
MTTBCCV;39;;
MTTBCDEC;16;;
MTTBCDOC;7;;
MTTBCDPD;5;;
MTTBCEVR;13;;
MTTBCGE;14;;
MTTBCHAN;3;;
MTTBCIT;9;;
MTTBCL2;51;;
MTTBCMRR;6;;
MTTBCMRR_Motivo;3;;
MTTBCNMD9014;39;;
MTTBCOB;333;;
MTTBCOFB;38;;
MTTBCOIC;21;;
MTTBCSNG;2;;
MTTBCSVR;6;;
MTTBCTP;11;;
MTTBCXF;29;;
MTTBCarteiraGeral;44;;
MTTBDGR;11;;
MTTBDLC;15;;
MTTBDOC;5;;
MTTBDPL;12;;
MTTBDRL;13;;
MTTBDUP;8;;
MTTBDVD;21;;
MTTBEXC;332;;
MTTBFDOS;8;;
MTTBFREC;8;;
MTTBHAV;13;;
MTTBIFB;19;;
MTTBIFR;19;;
MTTBISP;3;;
MTTBLADD;2;;
MTTBLADOD;2;;
MTTBLDDO;5;;
MTTBLDDT;2;;
MTTBLDIG;3;;
MTTBLDMR;6;;
MTTBLDSS;5;;
MTTBLDTD;10;;
MTTBLFDR;5;;
MTTBLHAN;3;;
MTTBLMRN;5;;
MTTBLNOD;3;;
MTTBLOM;10;;
MTTBLPCF;2;;
MTTBLSB;15;;
MTTBLSCN;5;;
MTTBLSNG;2;;
MTTBLTDC;3;;
MTTBLTDM;5;;
MTTBLTDR;4;;
MTTBLTRD;5;;
MTTBLTU;17;;
MTTBLURA;6;;
MTTBMCC_ANALITICO;12;;
MTTBMCC_SINTETICO;7;;
MTTBMFCVS;117;;
MTTBMFCVS_AUXILIAR;131;;
MTTBMIF;19;;
MTTBNDE;14;;
MTTBNIL;6;;
MTTBNIR;4;;
MTTBNOC;20;;
MTTBNST;8;;
MTTBOAD;4;;
MTTBOFF;23;;
MTTBPCC;4;;
MTTBPDC;10;;
MTTBPDT;5;;
MTTBPEMP;3;;
MTTBPGRD;2;;
MTTBPIDC;5;;
MTTBPLG;7;;
MTTBPLR;10;;
MTTBPMSMS;13;;
MTTBPNC;7;;
MTTBPNOF;2;;
MTTBPPCF;2;;
MTTBPPF1;24;;
MTTBPPMR;4;;
MTTBPRE1;31;;
MTTBPRFD;2;;
MTTBPSDS;2;;
MTTBPSOF;2;;
MTTBPSTR;2;;
MTTBPTPD;2;;
MTTBPTPR;2;;
MTTBRDM;15;;
MTTBRLT;14;;
MTTBRPV;5;;
MTTBRRR;10;;
MTTBSAB;25;;
MTTBSCE;6;;
MTTBSCS;2;;
MTTBSIG;18;;
MTTBSNC1;57;;
MTTBSPCF;17;;
MTTBSRT;17;;
MTTBTLC;7;;
MTTBTMP;32;;
MTTBVRV;4;;
